date,name,value
2003-03-01,Mac,1.8
2003-03-01,Linux,2.2
2003-03-01,Win95,0.8
2003-03-01,WinNT,6.6
2003-03-01,Win98,14.8
2003-03-01,Win2000,41.9
2003-03-01,WinXP,29.1
2003-05-01,Mac,1.8
2003-05-01,Linux,2.2
2003-05-01,Win95,0.7
2003-05-01,WinNT,5.8
2003-05-01,Win98,13.9
2003-05-01,Win2000,41
2003-05-01,WinXP,31.4
2003-07-01,Mac,1.9
2003-07-01,Linux,2.3
2003-07-01,Win95,0.6
2003-07-01,WinNT,5.3
2003-07-01,Win98,12.6
2003-07-01,Win2000,40.6
2003-07-01,WinXP,33.9
2003-09-01,Mac,2
2003-09-01,Linux,2.4
2003-09-01,Win95,0.5
2003-09-01,WinNT,4.1
2003-09-01,Win98,12.1
2003-09-01,Win2000,37.9
2003-09-01,WinXP,38
2003-11-01,Mac,2.2
2003-11-01,Linux,2.6
2003-11-01,Win95,0.4
2003-11-01,WinNT,3.5
2003-11-01,Win98,10.9
2003-11-01,Win2000,36.3
2003-11-01,WinXP,42.6
2004-01-01,Mac,2.4
2004-01-01,Linux,2.7
2004-01-01,Win95,0.4
2004-01-01,WinNT,3
2004-01-01,Win98,10.4
2004-01-01,Win2000,33.6
2004-01-01,WinXP,44.1
2004-03-01,Mac,2.4
2004-03-01,Linux,2.6
2004-03-01,Win95,0.4
2004-03-01,WinNT,2.4
2004-03-01,Win98,9.4
2004-03-01,Win2000,31.1
2004-03-01,WinXP,48
2004-05-01,Mac,2.5
2004-05-01,Linux,2.9
2004-05-01,Win95,0.3
2004-05-01,WinNT,2
2004-05-01,Win98,8.2
2004-05-01,Win2000,29.6
2004-05-01,WinXP,51
2004-07-01,Mac,2.4
2004-07-01,Linux,3.1
2004-07-01,Win95,0.2
2004-07-01,WinNT,1.9
2004-07-01,Win98,7.5
2004-07-01,Win2000,28.4
2004-07-01,WinXP,52.5
2004-09-01,Mac,2.6
2004-09-01,Linux,3.1
2004-09-01,Win95,0.2
2004-09-01,WinNT,1.5
2004-09-01,Win98,6.4
2004-09-01,Win2000,26.2
2004-09-01,WinXP,55.9
2004-11-01,Mac,2.7
2004-11-01,Linux,3.1
2004-11-01,Win95,0.1
2004-11-01,WinNT,1.2
2004-11-01,Win98,5.6
2004-11-01,Win2000,23.7
2004-11-01,WinXP,59.1
2005-01-01,Mac,2.8
2005-01-01,Linux,3.2
2005-01-01,WinNT,1
2005-01-01,Win98,5.3
2005-01-01,Win2000,21.6
2005-01-01,WinXP,61.3
2005-01-01,Win2003,1.2
2005-03-01,Mac,3
2005-03-01,Linux,3.2
2005-03-01,WinNT,0.9
2005-03-01,Win98,4.7
2005-03-01,Win2000,20.2
2005-03-01,WinXP,63.1
2005-03-01,Win2003,1.4
2005-05-01,Mac,2.9
2005-05-01,Linux,3.3
2005-05-01,WinNT,0.8
2005-05-01,Win98,3.9
2005-05-01,Win2000,19.4
2005-05-01,WinXP,64.5
2005-05-01,Win2003,1.4
2005-07-01,Mac,3
2005-07-01,Linux,3.5
2005-07-01,WinNT,0.6
2005-07-01,Win98,3.9
2005-07-01,Win2000,17.7
2005-07-01,WinXP,65.3
2005-07-01,Win2003,1.6
2005-09-01,Mac,3.1
2005-09-01,Linux,3.3
2005-09-01,WinNT,0.5
2005-09-01,Win98,3.2
2005-09-01,Win2000,15.8
2005-09-01,WinXP,69.2
2005-09-01,Win2003,1.7
2005-11-01,Mac,3.3
2005-11-01,Linux,3.3
2005-11-01,WinNT,0.4
2005-11-01,Win98,2.7
2005-11-01,Win2000,14.6
2005-11-01,WinXP,71
2005-11-01,Win2003,1.7
2006-01-01,Mac,3.5
2006-01-01,Linux,3.3
2006-01-01,WinNT,0.3
2006-01-01,Win98,2.4
2006-01-01,Win2000,13.1
2006-01-01,WinXP,72.3
2006-01-01,Win2003,1.7
2006-03-01,Mac,3.5
2006-03-01,Linux,3.4
2006-03-01,WinNT,0.3
2006-03-01,Win98,2
2006-03-01,Win2000,11.9
2006-03-01,WinXP,72.9
2006-03-01,Win2003,1.8
2006-05-01,Mac,3.6
2006-05-01,Linux,3.4
2006-05-01,WinNT,0.2
2006-05-01,Win98,1.6
2006-05-01,Win2000,10.7
2006-05-01,WinXP,74.2
2006-05-01,Win2003,2
2006-07-01,Mac,3.6
2006-07-01,Linux,3.4
2006-07-01,WinNT,0.3
2006-07-01,Win98,1.5
2006-07-01,Win2000,10.1
2006-07-01,WinXP,74.3
2006-07-01,Win2003,2
2006-09-01,Mac,3.6
2006-09-01,Linux,3.5
2006-09-01,WinNT,0.3
2006-09-01,Win98,1.4
2006-09-01,Win2000,9.2
2006-09-01,WinXP,74.6
2006-09-01,Win2003,2
2006-11-01,Mac,3.6
2006-11-01,Linux,3.5
2006-11-01,WinNT,0.3
2006-11-01,Win98,1
2006-11-01,Win2000,8
2006-11-01,WinXP,74.9
2006-11-01,Win2003,1.9
2007-01-01,Mac,3.8
2007-01-01,Linux,3.6
2007-01-01,Win98,1
2007-01-01,Win2000,7.7
2007-01-01,WinXP,76.1
2007-01-01,Win2003,1.9
2007-01-01,Vista,0.6
2007-03-01,Mac,3.8
2007-03-01,Linux,3.4
2007-03-01,Win98,0.9
2007-03-01,Win2000,7.2
2007-03-01,WinXP,76
2007-03-01,Win2003,1.9
2007-03-01,Vista,1.9
2007-05-01,Mac,3.9
2007-05-01,Linux,3.4
2007-05-01,Win98,0.9
2007-05-01,Win2000,6.5
2007-05-01,WinXP,75
2007-05-01,Win2003,1.9
2007-05-01,Vista,2.8
2007-07-01,Mac,4
2007-07-01,Linux,3.4
2007-07-01,Win98,0.9
2007-07-01,Win2000,6
2007-07-01,WinXP,74.6
2007-07-01,Win2003,2
2007-07-01,Vista,3.6
2007-09-01,Mac,3.9
2007-09-01,Linux,3.4
2007-09-01,Win98,0.9
2007-09-01,Win2000,5.4
2007-09-01,WinXP,74.3
2007-09-01,Win2003,2
2007-09-01,Vista,4.5
2007-11-01,Mac,3.9
2007-11-01,Linux,3.3
2007-11-01,Win98,1
2007-11-01,Win2000,5.1
2007-11-01,WinXP,73.8
2007-11-01,Win2003,2
2007-11-01,Vista,6.3
2008-01-01,Mac,4.4
2008-01-01,Linux,3.6
2008-01-01,Win98,0.8
2008-01-01,Win2000,4
2008-01-01,WinXP,73.6
2008-01-01,Win2003,1.9
2008-01-01,Vista,7.3
2008-02-01,Mac,4.3
2008-02-01,Linux,3.8
2008-02-01,Win98,0.8
2008-02-01,Win2000,4
2008-02-01,WinXP,72.4
2008-02-01,Win2003,1.8
2008-02-01,Vista,7.8
2008-03-01,Mac,4.4
2008-03-01,Linux,3.9
2008-03-01,Win98,0.6
2008-03-01,Win2000,3.7
2008-03-01,WinXP,72.7
2008-03-01,Win2003,1.9
2008-03-01,Vista,8.5
2008-04-01,Mac,4.6
2008-04-01,Linux,3.7
2008-04-01,Win98,0.5
2008-04-01,Win2000,3.3
2008-04-01,WinXP,73.3
2008-04-01,Win2003,1.9
2008-04-01,Vista,8.8
2008-05-01,Mac,4.7
2008-05-01,Linux,3.6
2008-05-01,Win98,0.3
2008-05-01,Win2000,2.9
2008-05-01,WinXP,74
2008-05-01,Win2003,1.8
2008-05-01,Vista,9.3
2008-06-01,Mac,4.8
2008-06-01,Linux,3.7
2008-06-01,Win98,0.2
2008-06-01,Win2000,2.6
2008-06-01,WinXP,74.6
2008-06-01,Win2003,1.9
2008-06-01,Vista,10
2008-07-01,Mac,4.8
2008-07-01,Linux,3.9
2008-07-01,Win98,0.2
2008-07-01,Win2000,2.6
2008-07-01,WinXP,74.7
2008-07-01,Win2003,2
2008-07-01,Vista,11.5
2008-08-01,Mac,4.9
2008-08-01,Linux,3.9
2008-08-01,Win98,0.2
2008-08-01,Win2000,2.4
2008-08-01,WinXP,73.9
2008-08-01,Win2003,1.9
2008-08-01,Vista,12.5
2008-09-01,Mac,5.2
2008-09-01,Linux,3.8
2008-09-01,Win98,0.2
2008-09-01,Win2000,2.2
2008-09-01,WinXP,73.3
2008-09-01,Win2003,1.8
2008-09-01,Vista,13.2
2008-10-01,Mac,5.5
2008-10-01,Linux,3.8
2008-10-01,Win98,0.2
2008-10-01,Win2000,1.9
2008-10-01,WinXP,72.2
2008-10-01,Win2003,1.7
2008-10-01,Vista,14.4
2008-11-01,Mac,5.3
2008-11-01,Linux,3.8
2008-11-01,Win98,0.1
2008-11-01,Win2000,1.8
2008-11-01,WinXP,72
2008-11-01,Win2003,1.6
2008-11-01,Vista,15.1
2008-12-01,Mac,5.3
2008-12-01,Linux,3.8
2008-12-01,Win98,0.1
2008-12-01,Win2000,1.7
2008-12-01,WinXP,71.4
2008-12-01,Win2003,1.7
2008-12-01,Vista,15.6
2009-01-01,Mac,5.8
2009-01-01,Linux,3.9
2009-01-01,Win2000,1.6
2009-01-01,WinXP,69.8
2009-01-01,Win2003,1.6
2009-01-01,Vista,16.5
2009-01-01,Win7,0.2
2009-02-01,Mac,6
2009-02-01,Linux,4
2009-02-01,Win2000,1.4
2009-02-01,WinXP,69
2009-02-01,Win2003,1.6
2009-02-01,Vista,17.2
2009-02-01,Win7,0.4
2009-03-01,Mac,5.9
2009-03-01,Linux,4
2009-03-01,Win2000,1.3
2009-03-01,WinXP,68.9
2009-03-01,Win2003,1.7
2009-03-01,Vista,17.3
2009-03-01,Win7,0.5
2009-04-01,Mac,6.1
2009-04-01,Linux,4
2009-04-01,Win2000,1.2
2009-04-01,WinXP,68
2009-04-01,Win2003,1.7
2009-04-01,Vista,17.9
2009-04-01,Win7,0.7
2009-05-01,Mac,6.1
2009-05-01,Linux,4.1
2009-05-01,Win2000,1.1
2009-05-01,WinXP,67.2
2009-05-01,Win2003,1.7
2009-05-01,Vista,18.4
2009-05-01,Win7,1.1
2009-06-01,Mac,5.9
2009-06-01,Linux,4.2
2009-06-01,Win2000,1
2009-06-01,WinXP,66.9
2009-06-01,Win2003,1.7
2009-06-01,Vista,18.3
2009-06-01,Win7,1.6
2009-07-01,Mac,6
2009-07-01,Linux,4.3
2009-07-01,Win2000,1
2009-07-01,WinXP,67.1
2009-07-01,Win2003,1.7
2009-07-01,Vista,17.7
2009-07-01,Win7,1.9
2009-08-01,Mac,6.1
2009-08-01,Linux,4.2
2009-08-01,Win2000,0.9
2009-08-01,WinXP,66.2
2009-08-01,Win2003,1.6
2009-08-01,Vista,18.1
2009-08-01,Win7,2.5
2009-09-01,Mac,6.5
2009-09-01,Linux,4.1
2009-09-01,Win2000,0.8
2009-09-01,WinXP,65.2
2009-09-01,Win2003,1.5
2009-09-01,Vista,18.3
2009-09-01,Win7,3.2
2009-10-01,Mac,6.8
2009-10-01,Linux,4.2
2009-10-01,Win2000,0.7
2009-10-01,WinXP,63.3
2009-10-01,Win2003,1.5
2009-10-01,Vista,18.6
2009-10-01,Win7,4.4
2009-11-01,Mac,6.7
2009-11-01,Linux,4.3
2009-11-01,Win2000,0.7
2009-11-01,WinXP,62.2
2009-11-01,Win2003,1.4
2009-11-01,Vista,17.5
2009-11-01,Win7,6.7
2009-12-01,Mac,6.5
2009-12-01,Linux,4.5
2009-12-01,Win2000,0.6
2009-12-01,WinXP,61.6
2009-12-01,Win2003,1.4
2009-12-01,Vista,16
2009-12-01,Win7,9
2010-01-01,Mac,6.8
2010-01-01,Linux,4.6
2010-01-01,Win2000,0.6
2010-01-01,WinXP,59.4
2010-01-01,Win2003,1.4
2010-01-01,Vista,15.4
2010-01-01,Win7,11.3
2010-02-01,Mac,7.1
2010-02-01,Linux,4.6
2010-02-01,Win2000,0.6
2010-02-01,WinXP,58.4
2010-02-01,Win2003,1.4
2010-02-01,Vista,14.4
2010-02-01,Win7,13
2010-03-01,Mac,6.9
2010-03-01,Linux,4.5
2010-03-01,Win2000,0.5
2010-03-01,WinXP,57.8
2010-03-01,Win2003,1.4
2010-03-01,Vista,13.7
2010-03-01,Win7,14.7
2010-04-01,Mac,7.1
2010-04-01,Linux,4.5
2010-04-01,Win2000,0.5
2010-04-01,WinXP,56.1
2010-04-01,Win2003,1.3
2010-04-01,Vista,13.2
2010-04-01,Win7,16.7
2010-05-01,Mac,6.7
2010-05-01,Linux,4.5
2010-05-01,Win2000,0.4
2010-05-01,WinXP,55.3
2010-05-01,Win2003,1.3
2010-05-01,Vista,12.4
2010-05-01,Win7,18.9
2010-06-01,Mac,6.8
2010-06-01,Linux,4.8
2010-06-01,Win2000,0.4
2010-06-01,WinXP,54.6
2010-06-01,Win2003,1.3
2010-06-01,Vista,11.7
2010-06-01,Win7,19.8
2010-07-01,Mac,6.5
2010-07-01,Linux,4.8
2010-07-01,Win2000,0.4
2010-07-01,WinXP,54.6
2010-07-01,Win2003,1.3
2010-07-01,Vista,10.9
2010-07-01,Win7,20.6
2010-08-01,Mac,6.7
2010-08-01,Linux,4.9
2010-08-01,Win2000,0.4
2010-08-01,WinXP,53.1
2010-08-01,Win2003,1.3
2010-08-01,Vista,10.5
2010-08-01,Win7,22.3
2010-09-01,Mac,7.2
2010-09-01,Linux,4.6
2010-09-01,Win2000,0.3
2010-09-01,WinXP,51.7
2010-09-01,Win2003,1.1
2010-09-01,Vista,10
2010-09-01,Win7,24.3
2010-10-01,Mac,7.6
2010-10-01,Linux,4.7
2010-10-01,Win2000,0.3
2010-10-01,WinXP,48.9
2010-10-01,Win2003,1.1
2010-10-01,Vista,9.9
2010-10-01,Win7,26.8
2010-11-01,Mac,7.7
2010-11-01,Linux,5
2010-11-01,Win2000,0.2
2010-11-01,WinXP,47
2010-11-01,Win2003,1.1
2010-11-01,Vista,9.5
2010-11-01,Win7,28.5
2010-12-01,Mac,7.3
2010-12-01,Linux,5
2010-12-01,Win2000,0.2
2010-12-01,WinXP,47.2
2010-12-01,Win2003,1.1
2010-12-01,Vista,8.9
2010-12-01,Win7,29.1
2011-01-01,Mobile,0.7
2011-01-01,Mac,7.8
2011-01-01,Linux,5
2011-01-01,WinXP,45.3
2011-01-01,Win2003,1
2011-01-01,Vista,8.6
2011-01-01,Win7,31.1
2011-02-01,Mobile,0.7
2011-02-01,Mac,8.1
2011-02-01,Linux,5.1
2011-02-01,WinXP,44.2
2011-02-01,Win2003,1
2011-02-01,Vista,8.3
2011-02-01,Win7,32.2
2011-03-01,Mobile,0.7
2011-03-01,Mac,8
2011-03-01,Linux,5.1
2011-03-01,WinXP,42.9
2011-03-01,Win2003,0.9
2011-03-01,Vista,7.9
2011-03-01,Win7,34.1
2011-04-01,Mobile,0.8
2011-04-01,Mac,8.3
2011-04-01,Linux,5.1
2011-04-01,WinXP,40.9
2011-04-01,Win2003,0.9
2011-04-01,Vista,7.6
2011-04-01,Win7,35.9
2011-05-01,Mobile,0.8
2011-05-01,Mac,8.3
2011-05-01,Linux,5.1
2011-05-01,WinXP,40.7
2011-05-01,Win2003,0.9
2011-05-01,Vista,7.1
2011-05-01,Win7,36.5
2011-06-01,Mobile,0.9
2011-06-01,Mac,8.1
2011-06-01,Linux,5.2
2011-06-01,WinXP,39.7
2011-06-01,Win2003,0.9
2011-06-01,Vista,6.7
2011-06-01,Win7,37.8
2011-07-01,Mobile,1
2011-07-01,Mac,7.8
2011-07-01,Linux,5.3
2011-07-01,WinXP,39.1
2011-07-01,Win2003,0.9
2011-07-01,Vista,6.3
2011-07-01,Win7,39.1
2011-08-01,Mobile,0.9
2011-08-01,Mac,8.2
2011-08-01,Linux,5.2
2011-08-01,WinXP,38
2011-08-01,Win2003,0.8
2011-08-01,Vista,5.9
2011-08-01,Win7,40.4
2011-09-01,Mobile,0.9
2011-09-01,Mac,8.6
2011-09-01,Linux,5.1
2011-09-01,WinXP,36.2
2011-09-01,Win2003,0.8
2011-09-01,Vista,5.6
2011-09-01,Win7,42.2
2011-10-01,Mobile,1
2011-10-01,Mac,8.9
2011-10-01,Linux,5
2011-10-01,WinXP,33.4
2011-10-01,Win2003,0.7
2011-10-01,Vista,5.5
2011-10-01,Win7,44.7
2011-11-01,Mobile,1
2011-11-01,Mac,8.8
2011-11-01,Linux,5.1
2011-11-01,WinXP,32.8
2011-11-01,Win2003,0.7
2011-11-01,Vista,5.2
2011-11-01,Win7,45.5
2011-12-01,Mobile,1.2
2011-12-01,Mac,8.5
2011-12-01,Linux,4.9
2011-12-01,WinXP,32.6
2011-12-01,Win2003,0.7
2011-12-01,Vista,5
2011-12-01,Win7,46.1
2012-01-01,Mobile,1.3
2012-01-01,Mac,9
2012-01-01,Linux,4.9
2012-01-01,WinXP,31.4
2012-01-01,NT*,0.9
2012-01-01,Vista,4.8
2012-01-01,Win7,47.1
2012-02-01,Mobile,1.3
2012-02-01,Mac,9.1
2012-02-01,Linux,5
2012-02-01,WinXP,30
2012-02-01,NT*,0.8
2012-02-01,Vista,4.5
2012-02-01,Win7,48.7
2012-03-01,Mobile,1.4
2012-03-01,Mac,8.9
2012-03-01,Linux,4.9
2012-03-01,WinXP,28.9
2012-03-01,NT*,1
2012-03-01,Vista,4.3
2012-03-01,Win7,49.9
2012-04-01,Mobile,1.5
2012-04-01,Mac,9.3
2012-04-01,Linux,4.9
2012-04-01,WinXP,27.3
2012-04-01,NT*,1
2012-04-01,Vista,4.2
2012-04-01,Win7,51.3
2012-05-01,Mobile,1.6
2012-05-01,Mac,9
2012-05-01,Linux,4.9
2012-05-01,WinXP,26.8
2012-05-01,NT*,1.1
2012-05-01,Vista,3.9
2012-05-01,Win7,52.3
2012-06-01,Mobile,1.6
2012-06-01,Mac,8.6
2012-06-01,Linux,5
2012-06-01,WinXP,26.2
2012-06-01,NT*,1.1
2012-06-01,Vista,3.7
2012-06-01,Win7,53.2
2012-07-01,Mobile,1.7
2012-07-01,Mac,8.2
2012-07-01,Linux,4.9
2012-07-01,WinXP,26.1
2012-07-01,NT*,1.2
2012-07-01,Vista,3.4
2012-07-01,Win7,53.8
2012-08-01,Mobile,1.8
2012-08-01,Mac,8.7
2012-08-01,Linux,5
2012-08-01,WinXP,24.8
2012-08-01,NT*,1.3
2012-08-01,Vista,3.2
2012-08-01,Win7,54.5
2012-09-01,Mobile,1.8
2012-09-01,Mac,8.9
2012-09-01,Linux,4.7
2012-09-01,WinXP,23.6
2012-09-01,NT*,1.5
2012-09-01,Vista,3.1
2012-09-01,Win7,55.7
2012-10-01,Mobile,1.8
2012-10-01,Mac,9.2
2012-10-01,Linux,4.8
2012-10-01,WinXP,22.1
2012-10-01,NT*,1.8
2012-10-01,Vista,3
2012-10-01,Win7,56.8
2012-11-01,Mobile,2
2012-11-01,Mac,9.4
2012-11-01,Linux,4.8
2012-11-01,WinXP,20.8
2012-11-01,NT*,3
2012-11-01,Vista,2.9
2012-11-01,Win7,56.5
2012-12-01,Mobile,2.2
2012-12-01,Mac,8.7
2012-12-01,Linux,4.7
2012-12-01,WinXP,21.1
2012-12-01,NT*,1.8
2012-12-01,Vista,2.8
2012-12-01,Win7,55.6
2012-12-01,Win8,2.5
2013-01-01,Mobile,2.2
2013-01-01,Mac,9.3
2013-01-01,Linux,4.8
2013-01-01,WinXP,19.9
2013-01-01,NT*,0.5
2013-01-01,Vista,2.6
2013-01-01,Win7,55.3
2013-01-01,Win8,4.8
2013-02-01,Mobile,2.2
2013-02-01,Mac,9.6
2013-02-01,Linux,4.8
2013-02-01,WinXP,19.1
2013-02-01,NT*,0.4
2013-02-01,Vista,2.4
2013-02-01,Win7,55.3
2013-02-01,Win8,5.7
2013-03-01,Mobile,2.3
2013-03-01,Mac,9.5
2013-03-01,Linux,4.7
2013-03-01,WinXP,17.6
2013-03-01,NT*,0.4
2013-03-01,Vista,2.4
2013-03-01,Win7,55.9
2013-03-01,Win8,6.7
2013-04-01,Mobile,2.2
2013-04-01,Mac,9.7
2013-04-01,Linux,4.8
2013-04-01,WinXP,16.4
2013-04-01,NT*,0.4
2013-04-01,Vista,2.2
2013-04-01,Win7,56.4
2013-04-01,Win8,7.3
2013-05-01,Mobile,2.6
2013-05-01,Mac,9.7
2013-05-01,Linux,4.9
2013-05-01,WinXP,15.7
2013-05-01,NT*,0.4
2013-05-01,Vista,2.1
2013-05-01,Win7,56.4
2013-05-01,Win8,7.9
2013-06-01,Mobile,3.2
2013-06-01,Mac,9.1
2013-06-01,Linux,4.9
2013-06-01,WinXP,15.4
2013-06-01,NT*,0.4
2013-06-01,Vista,2
2013-06-01,Win7,56.3
2013-06-01,Win8,8.6
2013-07-01,Mobile,3.2
2013-07-01,Mac,8.7
2013-07-01,Linux,4.9
2013-07-01,WinXP,15.8
2013-07-01,NT*,0.4
2013-07-01,Vista,1.8
2013-07-01,Win7,56.2
2013-07-01,Win8,9
2013-08-01,Mobile,3.4
2013-08-01,Mac,9.2
2013-08-01,Linux,5
2013-08-01,WinXP,14.7
2013-08-01,NT*,0.4
2013-08-01,Vista,1.7
2013-08-01,Win7,55.9
2013-08-01,Win8,9.6
2013-09-01,Mobile,3.3
2013-09-01,Mac,9.3
2013-09-01,Linux,4.8
2013-09-01,WinXP,13.5
2013-09-01,NT*,0.4
2013-09-01,Vista,1.6
2013-09-01,Win7,56.8
2013-09-01,Win8,10.2
2013-10-01,Mobile,3.3
2013-10-01,Mac,9.6
2013-10-01,Linux,4.9
2013-10-01,WinXP,12.4
2013-10-01,NT*,1.4
2013-10-01,Vista,1.6
2013-10-01,Win7,56.7
2013-10-01,Win8,9.9
2013-11-01,Mobile,3.7
2013-11-01,Mac,9.6
2013-11-01,Linux,4.8
2013-11-01,WinXP,11.7
2013-11-01,NT*,3.7
2013-11-01,Vista,1.6
2013-11-01,Win7,56.4
2013-11-01,Win8,8.6
2013-12-01,Mobile,3.8
2013-12-01,Mac,9.2
2013-12-01,Linux,4.8
2013-12-01,WinXP,11.6
2013-12-01,NT*,3.1
2013-12-01,Vista,1.5
2013-12-01,Win7,55.9
2013-12-01,Win8,10
2014-01-01,Mobile,4
2014-01-01,Mac,9.6
2014-01-01,Linux,4.9
2014-01-01,WinXP,11
2014-01-01,NT*,0.3
2014-01-01,Vista,1.5
2014-01-01,Win7,55.3
2014-01-01,Win8,13.4
2014-02-01,Mobile,4
2014-02-01,Mac,10
2014-02-01,Linux,5
2014-02-01,WinXP,10.1
2014-02-01,NT*,0.3
2014-02-01,Vista,1.4
2014-02-01,Win7,55
2014-02-01,Win8,14.2
2014-03-01,Mobile,4
2014-03-01,Mac,9.9
2014-03-01,Linux,4.9
2014-03-01,WinXP,9.4
2014-03-01,NT*,0.2
2014-03-01,Vista,1.3
2014-03-01,Win7,55.1
2014-03-01,Win8,15
2014-04-01,Mobile,4
2014-04-01,Mac,10.3
2014-04-01,Linux,5
2014-04-01,WinXP,8
2014-04-01,NT*,0.2
2014-04-01,Vista,1.2
2014-04-01,Win7,55.4
2014-04-01,Win8,15.8
2014-05-01,Mobile,4.2
2014-05-01,Mac,10
2014-05-01,Linux,5.1
2014-05-01,WinXP,7.3
2014-05-01,NT*,0.2
2014-05-01,Vista,1.2
2014-05-01,Win7,55.2
2014-05-01,Win8,16.6
2014-06-01,Mobile,4.3
2014-06-01,Mac,9.6
2014-06-01,Linux,5.3
2014-06-01,WinXP,7.1
2014-06-01,NT*,0.2
2014-06-01,Vista,1.1
2014-06-01,Win7,55.3
2014-06-01,Win8,17
2014-07-01,Mobile,4.6
2014-07-01,Mac,9.5
2014-07-01,Linux,5.6
2014-07-01,WinXP,7
2014-07-01,NT*,0.2
2014-07-01,Vista,1
2014-07-01,Win7,54.8
2014-07-01,Win8,17.3
2014-08-01,Mobile,4.9
2014-08-01,Mac,9.7
2014-08-01,Linux,5.6
2014-08-01,WinXP,6.5
2014-08-01,NT*,0.2
2014-08-01,Vista,1
2014-08-01,Win7,54.2
2014-08-01,Win8,18.1
2014-09-01,Mobile,4.3
2014-09-01,Mac,9.6
2014-09-01,Linux,5.5
2014-09-01,WinXP,5.9
2014-09-01,NT*,0.2
2014-09-01,Vista,1
2014-09-01,Win7,55.5
2014-09-01,Win8,18.1
2014-10-01,Mobile,4.3
2014-10-01,Mac,10.3
2014-10-01,Linux,5.4
2014-10-01,WinXP,5.1
2014-10-01,NT*,0.2
2014-10-01,Vista,1
2014-10-01,Win7,54.6
2014-10-01,Win8,19.2
2014-11-01,Mobile,4.5
2014-11-01,Mac,9.6
2014-11-01,Linux,5.4
2014-11-01,WinXP,4.9
2014-11-01,NT*,0.2
2014-11-01,Vista,1
2014-11-01,Win7,54.6
2014-11-01,Win8,19.7
2014-12-01,Mobile,4.8
2014-12-01,Mac,9.5
2014-12-01,Linux,5.4
2014-12-01,WinXP,4.9
2014-12-01,NT*,0.2
2014-12-01,Vista,0.8
2014-12-01,Win7,53.8
2014-12-01,Win8,20.5
2015-01-01,Mobile,5
2015-01-01,Mac,9.8
2015-01-01,Linux,5.5
2015-01-01,WinXP,4.7
2015-01-01,NT*,0.1
2015-01-01,Vista,0.8
2015-01-01,Win7,52.8
2015-01-01,Win8,21
2015-02-01,Mobile,5
2015-02-01,Mac,10.1
2015-02-01,Linux,5.4
2015-02-01,WinXP,4.5
2015-02-01,NT*,0.1
2015-02-01,Vista,0.8
2015-02-01,Win7,52.5
2015-02-01,Win8,21.3
2015-03-01,Mobile,5
2015-03-01,Mac,10.1
2015-03-01,Linux,5.3
2015-03-01,WinXP,4.1
2015-03-01,NT*,0.1
2015-03-01,Vista,0.7
2015-03-01,Win7,52.3
2015-03-01,Win8,22.2
2015-04-01,Mobile,5
2015-04-01,Mac,10.2
2015-04-01,Linux,5.2
2015-04-01,WinXP,3.6
2015-04-01,NT*,0.1
2015-04-01,Vista,0.7
2015-04-01,Win7,52.1
2015-04-01,Win8,22.8
2015-05-01,Mobile,5.4
2015-05-01,Mac,10.2
2015-05-01,Linux,5.5
2015-05-01,WinXP,3.3
2015-05-01,NT*,0.1
2015-05-01,Vista,0.7
2015-05-01,Win7,51.1
2015-05-01,Win8,23.5
2015-06-01,Mobile,5.4
2015-06-01,Mac,9.9
2015-06-01,Linux,5.9
2015-06-01,WinXP,3.4
2015-06-01,NT*,0.1
2015-06-01,Vista,0.7
2015-06-01,Win7,50.7
2015-06-01,Win8,23.3
2015-07-01,Mobile,5
2015-07-01,Mac,11.4
2015-07-01,Linux,5.6
2015-07-01,WinXP,4
2015-07-01,NT*,0.1
2015-07-01,Vista,1.4
2015-07-01,Win7,48.6
2015-07-01,Win8,23.1
2015-08-01,Mobile,5
2015-08-01,Mac,10.9
2015-08-01,Linux,5.4
2015-08-01,WinXP,3.6
2015-08-01,NT*,0.3
2015-08-01,Vista,1.2
2015-08-01,Win7,47.2
2015-08-01,Win8,19.4
2015-08-01,Win10,3.5
2015-09-01,Mobile,5
2015-09-01,Mac,10
2015-09-01,Linux,5.6
2015-09-01,WinXP,2.7
2015-09-01,NT*,0.1
2015-09-01,Vista,0.5
2015-09-01,Win7,47.6
2015-09-01,Win8,18
2015-09-01,Win10,10.6
2015-10-01,Mobile,5
2015-10-01,Mac,10.4
2015-10-01,Linux,5.4
2015-10-01,WinXP,2.4
2015-10-01,NT*,0.1
2015-10-01,Vista,0.5
2015-10-01,Win7,46.2
2015-10-01,Win8,17.3
2015-10-01,Win10,12.6
2015-11-01,Mobile,5
2015-11-01,Mac,10.6
2015-11-01,Linux,5.4
2015-11-01,WinXP,2.2
2015-11-01,NT*,0.1
2015-11-01,Vista,0.5
2015-11-01,Win7,45.2
2015-11-01,Win8,16.9
2015-11-01,Win10,14.1
2015-12-01,Mobile,5.3
2015-12-01,Mac,9.9
2015-12-01,Linux,5.6
2015-12-01,WinXP,2.3
2015-12-01,NT*,0.1
2015-12-01,Vista,0.4
2015-12-01,Win7,44.5
2015-12-01,Win8,16.3
2015-12-01,Win10,15.5
2016-01-01,Mobile,5.4
2016-01-01,Chrome OS,0.2
2016-01-01,Mac,10.2
2016-01-01,Linux,5.7
2016-01-01,WinXP,2.2
2016-01-01,NT*,0.1
2016-01-01,Vista,0.4
2016-01-01,Win7,43.2
2016-01-01,Win8,15.8
2016-01-01,Win10,17
2016-02-01,Mobile,5.2
2016-02-01,Chrome OS,0.2
2016-02-01,Mac,10.4
2016-02-01,Linux,5.6
2016-02-01,WinXP,2.1
2016-02-01,NT*,0.1
2016-02-01,Vista,0.4
2016-02-01,Win7,43.1
2016-02-01,Win8,15.2
2016-02-01,Win10,17.8
2016-03-01,Mobile,5.1
2016-03-01,Chrome OS,0.2
2016-03-01,Mac,10.3
2016-03-01,Linux,5.5
2016-03-01,WinXP,1.9
2016-03-01,NT*,0.1
2016-03-01,Vista,0.4
2016-03-01,Win7,42.4
2016-03-01,Win8,14.7
2016-03-01,Win10,19.5
2016-04-01,Mobile,5.1
2016-04-01,Chrome OS,0.2
2016-04-01,Mac,10.6
2016-04-01,Linux,5.5
2016-04-01,WinXP,1.7
2016-04-01,NT*,0.1
2016-04-01,Vista,0.4
2016-04-01,Win7,41.2
2016-04-01,Win8,14.1
2016-04-01,Win10,21.2
2016-05-01,Mobile,5.2
2016-05-01,Chrome OS,0.2
2016-05-01,Mac,10.2
2016-05-01,Linux,5.6
2016-05-01,WinXP,1.6
2016-05-01,NT*,0.1
2016-05-01,Vista,0.3
2016-05-01,Win7,40.7
2016-05-01,Win8,13.6
2016-05-01,Win10,22.6
2016-06-01,Mobile,5.3
2016-06-01,Chrome OS,0.1
2016-06-01,Mac,10
2016-06-01,Linux,6
2016-06-01,WinXP,1.5
2016-06-01,NT*,0.1
2016-06-01,Vista,0.3
2016-06-01,Win7,39.8
2016-06-01,Win8,13
2016-06-01,Win10,24
2016-07-01,Mobile,5.6
2016-07-01,Chrome OS,0.1
2016-07-01,Mac,9.7
2016-07-01,Linux,6.1
2016-07-01,WinXP,1.6
2016-07-01,NT*,0.1
2016-07-01,Vista,0.3
2016-07-01,Win7,38.7
2016-07-01,Win8,12.4
2016-07-01,Win10,25.4
2016-08-01,Mobile,5.5
2016-08-01,Chrome OS,0.1
2016-08-01,Mac,9.8
2016-08-01,Linux,6.3
2016-08-01,WinXP,1.5
2016-08-01,NT*,0.1
2016-08-01,Vista,0.2
2016-08-01,Win7,38.1
2016-08-01,Win8,12
2016-08-01,Win10,26.8
2016-09-01,Mobile,5.7
2016-09-01,Chrome OS,0.2
2016-09-01,Mac,10.2
2016-09-01,Linux,5.8
2016-09-01,WinXP,1.3
2016-09-01,Vista,0.2
2016-09-01,Win7,37
2016-09-01,Win8,11.4
2016-09-01,Win10,28
2016-10-01,Mobile,5.8
2016-10-01,Chrome OS,0.2
2016-10-01,Mac,10.7
2016-10-01,Linux,5.7
2016-10-01,WinXP,1.2
2016-10-01,Vista,0.2
2016-10-01,Win7,35.5
2016-10-01,Win8,11.1
2016-10-01,Win10,29.6
2016-11-01,Mobile,5.9
2016-11-01,Chrome OS,0.2
2016-11-01,Mac,10.3
2016-11-01,Linux,5.6
2016-11-01,WinXP,1.1
2016-11-01,Vista,0.2
2016-11-01,Win7,35.5
2016-11-01,Win8,11
2016-11-01,Win10,30.2
2016-12-01,Mobile,6.4
2016-12-01,Chrome OS,0.3
2016-12-01,Mac,9.8
2016-12-01,Linux,5.6
2016-12-01,WinXP,1
2016-12-01,Vista,0.2
2016-12-01,Win7,34.6
2016-12-01,Win8,11.1
2016-12-01,Win10,30.9
2017-01-01,Mobile,6.3
2017-01-01,Chrome OS,0.2
2017-01-01,Mac,10.3
2017-01-01,Linux,5.7
2017-01-01,WinXP,1
2017-01-01,Vista,0.2
2017-01-01,Win7,33.8
2017-01-01,Win8,10.7
2017-01-01,Win10,31.7
2017-02-01,Mobile,6.2
2017-02-01,Chrome OS,0.2
2017-02-01,Mac,10.5
2017-02-01,Linux,5.7
2017-02-01,WinXP,1
2017-02-01,Vista,0.2
2017-02-01,Win7,33.6
2017-02-01,Win8,10.5
2017-02-01,Win10,32.2
2017-03-01,Mobile,6.1
2017-03-01,Chrome OS,0.2
2017-03-01,Mac,10.6
2017-03-01,Linux,5.5
2017-03-01,WinXP,0.9
2017-03-01,Vista,0.2
2017-03-01,Win7,33.2
2017-03-01,Win8,10.2
2017-03-01,Win10,33.1
2017-04-01,Mobile,6.3
2017-04-01,Chrome OS,0.2
2017-04-01,Mac,10.8
2017-04-01,Linux,5.5
2017-04-01,WinXP,0.8
2017-04-01,Vista,0.2
2017-04-01,Win7,31.9
2017-04-01,Win8,10.1
2017-04-01,Win10,34.3
2017-05-01,Mobile,6.4
2017-05-01,Chrome OS,0.2
2017-05-01,Mac,10.5
2017-05-01,Linux,5.6
2017-05-01,WinXP,0.7
2017-05-01,Vista,0.2
2017-05-01,Win7,31.7
2017-05-01,Win8,9.8
2017-05-01,Win10,34.9
2017-06-01,Mobile,6.8
2017-06-01,Chrome OS,0.1
2017-06-01,Mac,10.3
2017-06-01,Linux,6
2017-06-01,WinXP,0.7
2017-06-01,Vista,0.1
2017-06-01,Win7,31
2017-06-01,Win8,9.5
2017-06-01,Win10,35.5
2017-07-01,Mobile,7.2
2017-07-01,Chrome OS,0.1
2017-07-01,Mac,9.7
2017-07-01,Linux,6.2
2017-07-01,WinXP,0.7
2017-07-01,Vista,0.1
2017-07-01,Win7,30.6
2017-07-01,Win8,9.6
2017-07-01,Win10,35.7
2017-08-01,Mobile,7.2
2017-08-01,Chrome OS,0.2
2017-08-01,Mac,9.9
2017-08-01,Linux,6
2017-08-01,WinXP,0.7
2017-08-01,Vista,0.1
2017-08-01,Win7,29.8
2017-08-01,Win8,9.3
2017-08-01,Win10,36.9
2017-09-01,Mobile,8.4
2017-09-01,Chrome OS,0.2
2017-09-01,Mac,10.1
2017-09-01,Linux,5.7
2017-09-01,WinXP,0.6
2017-09-01,Vista,0.1
2017-09-01,Win7,28.3
2017-09-01,Win8,8.7
2017-09-01,Win10,38
2017-10-01,Mobile,11
2017-10-01,Chrome OS,0.3
2017-10-01,Mac,10.3
2017-10-01,Linux,5.3
2017-10-01,WinXP,0.5
2017-10-01,Vista,0.1
2017-10-01,Win7,26.1
2017-10-01,Win8,7.9
2017-10-01,Win10,38.7
2017-11-01,Mobile,7.3
2017-11-01,Chrome OS,0.3
2017-11-01,Mac,10.2
2017-11-01,Linux,5.5
2017-11-01,WinXP,0.5
2017-11-01,Vista,0.1
2017-11-01,Win7,27.1
2017-11-01,Win8,8.3
2017-11-01,Win10,40.9
2017-12-01,Mobile,7.9
2017-12-01,Chrome OS,0.3
2017-12-01,Mac,9.8
2017-12-01,Linux,5.5
2017-12-01,WinXP,0.5
2017-12-01,Vista,0.1
2017-12-01,Win7,26.7
2017-12-01,Win8,8.3
2017-12-01,Win10,41
2018-01-01,Mobile,7.7
2018-01-01,Chrome OS,1.3
2018-01-01,Mac,10
2018-01-01,Linux,5.7
2018-01-01,WinXP,0.5
2018-01-01,Vista,0.1
2018-01-01,Win7,26.3
2018-01-01,Win8,7.9
2018-01-01,Win10,41.6
2018-02-01,Mobile,7.9
2018-02-01,Chrome OS,0.3
2018-02-01,Mac,10.3
2018-02-01,Linux,5.6
2018-02-01,WinXP,0.5
2018-02-01,Vista,0.1
2018-02-01,Win7,25.6
2018-02-01,Win8,7.6
2018-02-01,Win10,42.3
2018-03-01,Mobile,7.8
2018-03-01,Chrome OS,0.3
2018-03-01,Mac,10.4
2018-03-01,Linux,5.5
2018-03-01,WinXP,0.4
2018-03-01,Vista,0.1
2018-03-01,Win7,24.7
2018-03-01,Win8,7.4
2018-03-01,Win10,43.7
2018-04-01,Mobile,7.8
2018-04-01,Chrome OS,0.3
2018-04-01,Mac,10.6
2018-04-01,Linux,5.5
2018-04-01,WinXP,0.4
2018-04-01,Vista,0.1
2018-04-01,Win7,23.8
2018-04-01,Win8,7.1
2018-04-01,Win10,44.6
2018-05-01,Mobile,7.8
2018-05-01,Chrome OS,0.3
2018-05-01,Mac,10.4
2018-05-01,Linux,5.6
2018-05-01,WinXP,0.3
2018-05-01,Vista,0.1
2018-05-01,Win7,23.4
2018-05-01,Win8,6.9
2018-05-01,Win10,45.3
2018-06-01,Mobile,8.1
2018-06-01,Chrome OS,0.2
2018-06-01,Mac,10.2
2018-06-01,Linux,6.1
2018-06-01,WinXP,0.3
2018-06-01,Vista,0.1
2018-06-01,Win7,22.9
2018-06-01,Win8,6.8
2018-06-01,Win10,45.4
2018-07-01,Mobile,8.4
2018-07-01,Chrome OS,0.1
2018-07-01,Mac,9.5
2018-07-01,Linux,6.2
2018-07-01,WinXP,0.4
2018-07-01,Vista,0.1
2018-07-01,Win7,23.1
2018-07-01,Win8,6.9
2018-07-01,Win10,45.4
2018-08-01,Mobile,8.7
2018-08-01,Chrome OS,0.2
2018-08-01,Mac,9.9
2018-08-01,Linux,6.1
2018-08-01,WinXP,0.3
2018-08-01,Vista,0.1
2018-08-01,Win7,22.4
2018-08-01,Win8,6.5
2018-08-01,Win10,46.1
2018-09-01,Mobile,8.7
2018-09-01,Chrome OS,0.3
2018-09-01,Mac,10.1
2018-09-01,Linux,5.8
2018-09-01,WinXP,0.3
2018-09-01,Vista,0.1
2018-09-01,Win7,21.1
2018-09-01,Win8,6.1
2018-09-01,Win10,47.6
2018-10-01,Mobile,8.3
2018-10-01,Chrome OS,0.3
2018-10-01,Mac,10.5
2018-10-01,Linux,5.6
2018-10-01,WinXP,0.3
2018-10-01,Vista,0.1
2018-10-01,Win7,20.1
2018-10-01,Win8,5.7
2018-10-01,Win10,49.2
2018-11-01,Mobile,8.4
2018-11-01,Chrome OS,0.4
2018-11-01,Mac,10.8
2018-11-01,Linux,5.6
2018-11-01,WinXP,0.3
2018-11-01,Vista,0.1
2018-11-01,Win7,19.3
2018-11-01,Win8,5.4
2018-11-01,Win10,50
2018-12-01,Mobile,9.5
2018-12-01,Chrome OS,0.4
2018-12-01,Mac,9.8
2018-12-01,Linux,5.7
2018-12-01,WinXP,0.3
2018-12-01,Vista,0.1
2018-12-01,Win7,19.3
2018-12-01,Win8,5.6
2018-12-01,Win10,49.5
2019-01-01,Mobile,9.2
2019-01-01,Chrome OS,0.3
2019-01-01,Mac,10.1
2019-01-01,Linux,6.1
2019-01-01,WinXP,0.3
2019-01-01,Vista,0.1
2019-01-01,Win7,18.8
2019-01-01,Win8,5.4
2019-01-01,Win10,49.9
2019-02-01,Mobile,9.4
2019-02-01,Chrome OS,0.4
2019-02-01,Mac,10.3
2019-02-01,Linux,5.9
2019-02-01,WinXP,0.3
2019-02-01,Vista,0.1
2019-02-01,Win7,18
2019-02-01,Win8,5.2
2019-02-01,Win10,50.7
2019-03-01,Mobile,9.3
2019-03-01,Chrome OS,0.4
2019-03-01,Mac,10.3
2019-03-01,Linux,5.6
2019-03-01,WinXP,0.2
2019-03-01,Win7,17.1
2019-03-01,Win8,5
2019-03-01,Win10,52.3
2019-04-01,Mobile,9.3
2019-04-01,Chrome OS,0.4
2019-04-01,Mac,10.6
2019-04-01,Linux,5.7
2019-04-01,WinXP,0.2
2019-04-01,Win7,16.3
2019-04-01,Win8,4.7
2019-04-01,Win10,52.9
2019-05-01,Mobile,9.5
2019-05-01,Chrome OS,0.4
2019-05-01,Mac,10.2
2019-05-01,Linux,5.8
2019-05-01,WinXP,0.2
2019-05-01,Win7,15.7
2019-05-01,Win8,4.6
2019-05-01,Win10,53.8
2019-06-01,Mobile,13.9
2019-06-01,Chrome OS,0.2
2019-06-01,Mac,10
2019-06-01,Linux,6.2
2019-06-01,WinXP,0.2
2019-06-01,Win7,15.2
2019-06-01,Win8,4.8
2019-06-01,Win10,53.4
2019-07-01,Mobile,10.8
2019-07-01,Chrome OS,0.2
2019-07-01,Mac,9.1
2019-07-01,Linux,6.3
2019-07-01,WinXP,0.2
2019-07-01,Win7,15
2019-07-01,Win8,5.9
2019-07-01,Win10,52.7
2019-08-01,Mobile,10.9
2019-08-01,Chrome OS,0.2
2019-08-01,Mac,9.5
2019-08-01,Linux,6.2
2019-08-01,WinXP,0.2
2019-08-01,Win7,14.2
2019-08-01,Win8,4.7
2019-08-01,Win10,54.2
2019-09-01,Mobile,10.5
2019-09-01,Chrome OS,0.4
2019-09-01,Mac,9.9
2019-09-01,Linux,5.9
2019-09-01,WinXP,0.2
2019-09-01,Win7,13.2
2019-09-01,Win8,4.1
2019-09-01,Win10,56
2019-10-01,Mobile,9.8
2019-10-01,Chrome OS,0.4
2019-10-01,Mac,10.6
2019-10-01,Linux,5.8
2019-10-01,WinXP,0.1
2019-10-01,Win7,12.1
2019-10-01,Win8,3.7
2019-10-01,Win10,57.5
2019-11-01,Mobile,10.8
2019-11-01,Chrome OS,0.4
2019-11-01,Mac,10.1
2019-11-01,Linux,5.7
2019-11-01,WinXP,0.1
2019-11-01,Win7,11.7
2019-11-01,Win8,3.6
2019-11-01,Win10,57.6
2019-12-01,Mobile,11.7
2019-12-01,Chrome OS,0.4
2019-12-01,Mac,9.4
2019-12-01,Linux,6
2019-12-01,WinXP,0.2
2019-12-01,Win7,11.5
2019-12-01,Win8,3.7
2019-12-01,Win10,57.3
2020-01-01,Mobile,11.2
2020-01-01,Chrome OS,0.4
2020-01-01,Mac,9.7
2020-01-01,Linux,6.4
2020-01-01,WinXP,0.2
2020-01-01,Win7,10.6
2020-01-01,Win8,3.6
2020-01-01,Win10,58.1
2020-02-01,Mobile,11.4
2020-02-01,Mac,9.9
2020-02-01,Linux,5.9
2020-02-01,WinXP,0.2
2020-02-01,Win7,9.8
2020-02-01,Win8,3.5
2020-02-01,Win10,59.1
2020-03-01,Mobile,10.8
2020-03-01,Chrome OS,0.4
2020-03-01,Mac,11.1
2020-03-01,Linux,5.4
2020-03-01,WinXP,0.1
2020-03-01,Win7,8.5
2020-03-01,Win8,3.2
2020-03-01,Win10,60.6
2020-04-01,Mobile,11.8
2020-04-01,Chrome OS,0.4
2020-04-01,Mac,12.4
2020-04-01,Linux,4.8
2020-04-01,WinXP,0.1
2020-04-01,Win7,7.4
2020-04-01,Win8,3.2
2020-04-01,Win10,60.1
2020-05-01,Mobile,12.3
2020-05-01,Chrome OS,0.4
2020-05-01,Mac,11.9
2020-05-01,Linux,4.9
2020-05-01,WinXP,0.1
2020-05-01,Win7,7.2
2020-05-01,Win8,3.1
2020-05-01,Win10,60.1
2020-06-01,Mobile,12.1
2020-06-01,Chrome OS,0.3
2020-06-01,Mac,11.3
2020-06-01,Linux,4.9
2020-06-01,WinXP,0.1
2020-06-01,Win7,7.2
2020-06-01,Win8,3
2020-06-01,Win10,61
2020-07-01,Mobile,12.9
2020-07-01,Chrome OS,0.3
2020-07-01,Mac,10.6
2020-07-01,Linux,5
2020-07-01,WinXP,0.1
2020-07-01,Win7,7.2
2020-07-01,Win8,3
2020-07-01,Win10,61
2020-08-01,Mobile,13.5
2020-08-01,Chrome OS,0.3
2020-08-01,Mac,10.3
2020-08-01,Linux,4.9
2020-08-01,WinXP,0.1
2020-08-01,Win7,6.8
2020-08-01,Win8,3.2
2020-08-01,Win10,61
2020-09-01,Mobile,13.3
2020-09-01,Chrome OS,0.5
2020-09-01,Mac,10.3
2020-09-01,Linux,4.7
2020-09-01,WinXP,0.1
2020-09-01,Win7,6.4
2020-09-01,Win8,2.7
2020-09-01,Win10,62
2020-10-01,Mobile,12.6
2020-10-01,Chrome OS,0.6
2020-10-01,Mac,10.5
2020-10-01,Linux,4.7
2020-10-01,WinXP,0.1
2020-10-01,Win7,6
2020-10-01,Win8,2.4
2020-10-01,Win10,63.1
2020-11-01,Mobile,12.1
2020-11-01,Chrome OS,0.6
2020-11-01,Mac,10.4
2020-11-01,Linux,4.7
2020-11-01,WinXP,0.1
2020-11-01,Win7,5.6
2020-11-01,Win8,2.3
2020-11-01,Win10,64.2